{"RMSE": 0.7664032823792327, "MAE": 0.6222840947809449, "R2Score": 0.10119552439297996}