{"RMSE": 0.8042881122980602, "MAE": 0.6570101469557718, "R2Score": 0.01013991182475471}