{"RMSE": 0.7676649300434666, "MAE": 0.6236359361275076, "R2Score": 0.09823387753210922}